Player,1950,1951,1952,1953,1954,1955,1956,1957,1958,1959,1960,1961,1962,1963,1968,1974,1975,1976,1977,1984,1985,1986,1987,1988,1989,1990,1991,1992,1996,1997,1999,2000,2002,2003,2004,2005,2006,2007,2008,2009,2016,2019,2025,2026
Richard Hamilton,,,,,,,,,,,,,,,,,,,,,,,,,,,,,,,,,,383,877,1378,1745,2046,2414,2467,2467,2467,2467,2467
Isiah Thomas,,,,,,,,,,,,,,,,,,,,107,326,432,793,1297,1606,2015,2191,2261,2261,2261,2261,2261,2261,2261,2261,2261,2261,2261,2261,2261,2261,2261,2261,2261
Chauncey Billups,,,,,,,,,,,,,,,,,,,,,,,,,,,,,,,,,,252,630,1097,1420,1717,1958,1958,1958,1958,1958,1958
Joe Dumars,,,,,,,,,,,,,,,,,,,,,,60,250,534,834,1198,1507,1591,1632,1701,1752,1752,1752,1752,1752,1752,1752,1752,1752,1752,1752,1752,1752,1752
Tayshaun Prince,,,,,,,,,,,,,,,,,,,,,,,,,,,,,,,,,,141,369,705,1001,1226,1461,1476,1476,1476,1476,1476
Rasheed Wallace,,,,,,,,,,,,,,,,,,,,,,,,,,,,,,,,,,,299,640,893,1122,1347,1373,1373,1373,1373,1373
Vinnie Johnson,,,,,,,,,,,,,,,,,,,,51,179,230,451,687,926,1132,1360,1360,1360,1360,1360,1360,1360,1360,1360,1360,1360,1360,1360,1360,1360,1360,1360,1360
Bill Laimbeer,,,,,,,,,,,,,,,,,,,,76,208,298,482,755,927,1149,1313,1354,1354,1354,1354,1354,1354,1354,1354,1354,1354,1354,1354,1354,1354,1354,1354,1354
Ben Wallace,,,,,,,,,,,,,,,,,,,,,,,,,,,,,,,,,73,224,460,711,795,795,795,795,795,795,795,795
John Salley,,,,,,,,,,,,,,,,,,,,,,,93,254,406,596,708,771,771,771,771,771,771,771,771,771,771,771,771,771,771,771,771,771
Adrian Dantley,,,,,,,,,,,,,,,,,,,,,,,308,754,754,754,754,754,754,754,754,754,754,754,754,754,754,754,754,754,754,754,754,754
Mark Aguirre,,,,,,,,,,,,,,,,,,,,,,,,,214,433,667,712,712,712,712,712,712,712,712,712,712,712,712,712,712,712,712,712
James Edwards,,,,,,,,,,,,,,,,,,,,,,,,139,259,545,705,705,705,705,705,705,705,705,705,705,705,705,705,705,705,705,705,705
George Yardley,,,,,42,216,446,503,667,667,667,667,667,667,667,667,667,667,667,667,667,667,667,667,667,667,667,667,667,667,667,667,667,667,667,667,667,667,667,667,667,667,667,667
Larry Foust,,36,66,219,260,432,600,645,645,645,645,645,645,645,645,645,645,645,645,645,645,645,645,645,645,645,645,645,645,645,645,645,645,645,645,645,645,645,645,645,645,645,645,645
Antonio McDyess,,,,,,,,,,,,,,,,,,,,,,,,,,,,,,,,,,,,201,338,431,582,634,634,634,634,634
Dennis Rodman,,,,,,,,,,,,,,,,,,,,,,,98,262,360,486,580,616,616,616,616,616,616,616,616,616,616,616,616,616,616,616,616,616
Bob Lanier,,,,,,,,,,,,,,,,184,245,480,564,564,564,564,564,564,564,564,564,564,564,564,564,564,564,564,564,564,564,564,564,564,564,564,564,564
Gene Shue,,,,,,,,32,162,245,293,386,547,547,547,547,547,547,547,547,547,547,547,547,547,547,547,547,547,547,547,547,547,547,547,547,547,547,547,547,547,547,547,547
Lindsey Hunter,,,,,,,,,,,,,,,,,,,,,,,,,,,,,6,81,117,142,142,142,198,294,370,393,414,414,414,414,414,414
Walter Dukes,,,,,,,,,111,154,202,252,376,379,379,379,379,379,379,379,379,379,379,379,379,379,379,379,379,379,379,379,379,379,379,379,379,379,379,379,379,379,379,379
Corliss Williamson,,,,,,,,,,,,,,,,,,,,,,,,,,,,,,,,,133,250,376,376,376,376,376,376,376,376,376,376
Bailey Howell,,,,,,,,,,,34,90,290,361,361,361,361,361,361,361,361,361,361,361,361,361,361,361,361,361,361,361,361,361,361,361,361,361,361,361,361,361,361,361
Kelly Tripucka,,,,,,,,,,,,,,,,,,,,137,270,357,357,357,357,357,357,357,357,357,357,357,357,357,357,357,357,357,357,357,357,357,357,357
Dave Bing,,,,,,,,,,,,,,,169,301,349,349,349,349,349,349,349,349,349,349,349,349,349,349,349,349,349,349,349,349,349,349,349,349,349,349,349,349
Rick Mahorn,,,,,,,,,,,,,,,,,,,,,,12,158,233,330,330,330,330,330,330,330,330,330,330,330,330,330,330,330,330,330,330,330,330
Mel Hutchins,,,,,42,200,293,316,316,316,316,316,316,316,316,316,316,316,316,316,316,316,316,316,316,316,316,316,316,316,316,316,316,316,316,316,316,316,316,316,316,316,316,316
Don Ohl,,,,,,,,,,,,63,227,312,312,312,312,312,312,312,312,312,312,312,312,312,312,312,312,312,312,312,312,312,312,312,312,312,312,312,312,312,312,312
Jerry Stackhouse,,,,,,,,,,,,,,,,,,,,,,,,,,,,,,,50,124,300,300,300,300,300,300,300,300,300,300,300,300
Frankie Brian,,,17,62,103,230,299,299,299,299,299,299,299,299,299,299,299,299,299,299,299,299,299,299,299,299,299,299,299,299,299,299,299,299,299,299,299,299,299,299,299,299,299,299
Grant Hill,,,,,,,,,,,,,,,,,,,,,,,,,,,,,57,175,272,294,294,294,294,294,294,294,294,294,294,294,294,294
Clifford Robinson,,,,,,,,,,,,,,,,,,,,,,,,,,,,,,,,,132,290,290,290,290,290,290,290,290,290,290,290
Bob Ferry,,,,,,,,,,,,101,201,249,249,249,249,249,249,249,249,249,249,249,249,249,249,249,249,249,249,249,249,249,249,249,249,249,249,249,249,249,249,249
Andy Phillip,,,,82,117,211,240,240,240,240,240,240,240,240,240,240,240,240,240,240,240,240,240,240,240,240,240,240,240,240,240,240,240,240,240,240,240,240,240,240,240,240,240,240
Curtis Rowe,,,,,,,,,,,,,,,,58,102,237,237,237,237,237,237,237,237,237,237,237,237,237,237,237,237,237,237,237,237,237,237,237,237,237,237,237
Ray Scott,,,,,,,,,,,,,173,236,236,236,236,236,236,236,236,236,236,236,236,236,236,236,236,236,236,236,236,236,236,236,236,236,236,236,236,236,236,236
Howard Porter,,,,,,,,,,,,,,,,,52,169,229,229,229,229,229,229,229,229,229,229,229,229,229,229,229,229,229,229,229,229,229,229,229,229,229,229
Fred Schaus,74,117,148,219,219,219,219,219,219,219,219,219,219,219,219,219,219,219,219,219,219,219,219,219,219,219,219,219,219,219,219,219,219,219,219,219,219,219,219,219,219,219,219,219
Chucky Atkins,,,,,,,,,,,,,,,,,,,,,,,,,,,,,,,,,113,216,216,216,216,216,216,216,216,216,216,216
Bob Houbregs,,,,,,77,180,202,202,202,202,202,202,202,202,202,202,202,202,202,202,202,202,202,202,202,202,202,202,202,202,202,202,202,202,202,202,202,202,202,202,202,202,202
Rodney Stuckey,,,,,,,,,,,,,,,,,,,,,,,,,,,,,,,,,,,,,,,139,199,199,199,199,199
Dave DeBusschere,,,,,,,,,,,,,,80,196,196,196,196,196,196,196,196,196,196,196,196,196,196,196,196,196,196,196,196,196,196,196,196,196,196,196,196,196,196
George Trapp,,,,,,,,,,,,,,,,62,103,192,192,192,192,192,192,192,192,192,192,192,192,192,192,192,192,192,192,192,192,192,192,192,192,192,192,192
Cade Cunningham,,,,,,,,,,,,,,,,,,,,,,,,,,,,,,,,,,,,,,,,,,,150,189
Chuck Noble,,,,,,,74,95,115,127,141,186,186,186,186,186,186,186,186,186,186,186,186,186,186,186,186,186,186,186,186,186,186,186,186,186,186,186,186,186,186,186,186,186
John Long,,,,,,,,,,,,,,,,,,,,55,167,174,174,174,179,179,179,179,179,179,179,179,179,179,179,179,179,179,179,179,179,179,179,179
Mehmet Okur,,,,,,,,,,,,,,,,,,,,,,,,,,,,,,,,,,94,176,176,176,176,176,176,176,176,176,176
Tobias Harris,,,,,,,,,,,,,,,,,,,,,,,,,,,,,,,,,,,,,,,,,58,58,152,169
Eric Money,,,,,,,,,,,,,,,,,,113,168,168,168,168,168,168,168,168,168,168,168,168,168,168,168,168,168,168,168,168,168,168,168,168,168,168
Jason Maxiell,,,,,,,,,,,,,,,,,,,,,,,,,,,,,,,,,,,,,,56,151,166,166,166,166,166
Chris Webber,,,,,,,,,,,,,,,,,,,,,,,,,,,,,,,,,,,,,,158,158,158,158,158,158,158
Willie Jones,,,,,,,,,,,,30,129,157,157,157,157,157,157,157,157,157,157,157,157,157,157,157,157,157,157,157,157,157,157,157,157,157,157,157,157,157,157,157
Chris Ford,,,,,,,,,,,,,,,,20,32,110,151,151,151,151,151,151,151,151,151,151,151,151,151,151,151,151,151,151,151,151,151,151,151,151,151,151
Jon Barry,,,,,,,,,,,,,,,,,,,,,,,,,,,,,,,,,80,150,150,150,150,150,150,150,150,150,150,150
Terry Tyler,,,,,,,,,,,,,,,,,,,,25,145,145,145,145,145,145,145,145,145,145,145,145,145,145,145,145,145,145,145,145,145,145,145,145
Monk Meineke,,,,60,79,138,138,138,138,138,138,138,138,138,138,138,138,138,138,138,138,138,138,138,138,138,138,138,138,138,138,138,138,138,138,138,138,138,138,138,138,138,138,138
Michael Curry,,,,,,,,,,,,,,,,,,,,,,,,,,,,,6,8,8,36,93,134,134,134,134,134,134,134,134,134,134,134
John Mengelt,,,,,,,,,,,,,,,,17,42,129,129,129,129,129,129,129,129,129,129,129,129,129,129,129,129,129,129,129,129,129,129,129,129,129,129,129
Reggie Jackson,,,,,,,,,,,,,,,,,,,,,,,,,,,,,,,,,,,,,,,,,57,128,128,128
Dick McGuire,,,,,,,,,67,114,125,125,125,125,125,125,125,125,125,125,125,125,125,125,125,125,125,125,125,125,125,125,125,125,125,125,125,125,125,125,125,125,125,125
Andre Drummond,,,,,,,,,,,,,,,,,,,,,,,,,,,,,,,,,,,,,,,,,67,124,124,124
Fred Scolari,,,,107,119,119,119,119,119,119,119,119,119,119,119,119,119,119,119,119,119,119,119,119,119,119,119,119,119,119,119,119,119,119,119,119,119,119,119,119,119,119,119,119
Corky Devlin,,,,,,,97,110,110,110,110,110,110,110,110,110,110,110,110,110,110,110,110,110,110,110,110,110,110,110,110,110,110,110,110,110,110,110,110,110,110,110,110,110
Kent Benson,,,,,,,,,,,,,,,,,,,,38,101,109,109,109,109,109,109,109,109,109,109,109,109,109,109,109,109,109,109,109,109,109,109,109
Earl Cureton,,,,,,,,,,,,,,,,,,,,32,69,105,105,105,105,105,105,105,105,105,105,105,105,105,105,105,105,105,105,105,105,105,105,105
George Lee,,,,,,,,,,,,78,104,104,104,104,104,104,104,104,104,104,104,104,104,104,104,104,104,104,104,104,104,104,104,104,104,104,104,104,104,104,104,104
Jackie Moreland,,,,,,,,,,,,32,70,103,103,103,103,103,103,103,103,103,103,103,103,103,103,103,103,103,103,103,103,103,103,103,103,103,103,103,103,103,103,103
Terry Mills,,,,,,,,,,,,,,,,,,,,,,,,,,,,,16,75,75,100,100,100,100,100,100,100,100,100,100,100,100,100
Harry Gallatin,,,,,,,,,90,90,90,90,90,90,90,90,90,90,90,90,90,90,90,90,90,90,90,90,90,90,90,90,90,90,90,90,90,90,90,90,90,90,90,90
Eddie Miles,,,,,,,,,,,,,,,87,87,87,87,87,87,87,87,87,87,87,87,87,87,87,87,87,87,87,87,87,87,87,87,87,87,87,87,87,87
Max Zaslofsky,,,,,35,87,87,87,87,87,87,87,87,87,87,87,87,87,87,87,87,87,87,87,87,87,87,87,87,87,87,87,87,87,87,87,87,87,87,87,87,87,87,87
Jack Kerris,37,60,85,85,85,85,85,85,85,85,85,85,85,85,85,85,85,85,85,85,85,85,85,85,85,85,85,85,85,85,85,85,85,85,85,85,85,85,85,85,85,85,85,85
Malik Beasley,,,,,,,,,,,,,,,,,,,,,,,,,,,,,,,,,,,,,,,,,,,84,84
Phil Jordon,,,,,,,,,39,84,84,84,84,84,84,84,84,84,84,84,84,84,84,84,84,84,84,84,84,84,84,84,84,84,84,84,84,84,84,84,84,84,84,84
Stu Lantz,,,,,,,,,,,,,,,,84,84,84,84,84,84,84,84,84,84,84,84,84,84,84,84,84,84,84,84,84,84,84,84,84,84,84,84,84
Otis Thorpe,,,,,,,,,,,,,,,,,,,,,,,,,,,,,35,84,84,84,84,84,84,84,84,84,84,84,84,84,84,84
Dick Rosenthal,,,,,,82,82,82,82,82,82,82,82,82,82,82,82,82,82,82,82,82,82,82,82,82,82,82,82,82,82,82,82,82,82,82,82,82,82,82,82,82,82,82
Dan Roundfield,,,,,,,,,,,,,,,,,,,,,82,82,82,82,82,82,82,82,82,82,82,82,82,82,82,82,82,82,82,82,82,82,82,82
Jalen Duren,,,,,,,,,,,,,,,,,,,,,,,,,,,,,,,,,,,,,,,,,,,71,79
Shellie McMillon,,,,,,,,,,19,39,78,78,78,78,78,78,78,78,78,78,78,78,78,78,78,78,78,78,78,78,78,78,78,78,78,78,78,78,78,78,78,78,78
Ausar Thompson,,,,,,,,,,,,,,,,,,,,,,,,,,,,,,,,,,,,,,,,,,,69,77
Jimmy Walker,,,,,,,,,,,,,,,76,76,76,76,76,76,76,76,76,76,76,76,76,76,76,76,76,76,76,76,76,76,76,76,76,76,76,76,76,76
Allan Houston,,,,,,,,,,,,,,,,,,,,,,,,,,,,,75,75,75,75,75,75,75,75,75,75,75,75,75,75,75,75
Dennis Schroeder,,,,,,,,,,,,,,,,,,,,,,,,,,,,,,,,,,,,,,,,,,,75,75
Tim Hardaway Jr,,,,,,,,,,,,,,,,,,,,,,,,,,,,,,,,,,,,,,,,,,,72,72
Archie Clark,,,,,,,,,,,,,,,,,,72,72,72,72,72,72,72,72,72,72,72,72,72,72,72,72,72,72,72,72,72,72,72,72,72,72,72
Christian Laettner,,,,,,,,,,,,,,,,,,,,,,,,,,,,,,,51,71,71,71,71,71,71,71,71,71,71,71,71,71
Marcus Morris,,,,,,,,,,,,,,,,,,,,,,,,,,,,,,,,,,,,,,,,,71,71,71,71
Ralph Johnson,28,53,70,70,70,70,70,70,70,70,70,70,70,70,70,70,70,70,70,70,70,70,70,70,70,70,70,70,70,70,70,70,70,70,70,70,70,70,70,70,70,70,70,70
Happy Hairston,,,,,,,,,,,,,,,70,70,70,70,70,70,70,70,70,70,70,70,70,70,70,70,70,70,70,70,70,70,70,70,70,70,70,70,70,70
Johnny Egan,,,,,,,,,,,,,68,68,68,68,68,68,68,68,68,68,68,68,68,68,68,68,68,68,68,68,68,68,68,68,68,68,68,68,68,68,68,68
Charlie Share,,,19,67,67,67,67,67,67,67,67,67,67,67,67,67,67,67,67,67,67,67,67,67,67,67,67,67,67,67,67,67,67,67,67,67,67,67,67,67,67,67,67,67
Don Adams,,,,,,,,,,,,,,,,64,64,64,64,64,64,64,64,64,64,64,64,64,64,64,64,64,64,64,64,64,64,64,64,64,64,64,64,64
Kentavious Caldwell-Pope,,,,,,,,,,,,,,,,,,,,,,,,,,,,,,,,,,,,,,,,,61,61,61,61
Luke Kennard,,,,,,,,,,,,,,,,,,,,,,,,,,,,,,,,,,,,,,,,,,60,60,60
Mike James (1975),,,,,,,,,,,,,,,,,,,,,,,,,,,,,,,,,,,57,57,57,57,57,57,57,57,57,57
Terry Dischinger,,,,,,,,,,,,,,,56,56,56,56,56,56,56,56,56,56,56,56,56,56,56,56,56,56,56,56,56,56,56,56,56,56,56,56,56,56
Al Eberhard,,,,,,,,,,,,,,,,,,48,55,55,55,55,55,55,55,55,55,55,55,55,55,55,55,55,55,55,55,55,55,55,55,55,55,55
Orlando Woolridge,,,,,,,,,,,,,,,,,,,,,,,,,,,,55,55,55,55,55,55,55,55,55,55,55,55,55,55,55,55,55
John Oldham,37,54,54,54,54,54,54,54,54,54,54,54,54,54,54,54,54,54,54,54,54,54,54,54,54,54,54,54,54,54,54,54,54,54,54,54,54,54,54,54,54,54,54,54
Joe Holup,,,,,,,,,42,54,54,54,54,54,54,54,54,54,54,54,54,54,54,54,54,54,54,54,54,54,54,54,54,54,54,54,54,54,54,54,54,54,54,54
Bison Dele,,,,,,,,,,,,,,,,,,,,,,,,,,,,,,,53,53,53,53,53,53,53,53,53,53,53,53,53,53
Odie Spears,,,,,,,53,53,53,53,53,53,53,53,53,53,53,53,53,53,53,53,53,53,53,53,53,53,53,53,53,53,53,53,53,53,53,53,53,53,53,53,53,53
Maurice Evans,,,,,,,,,,,,,,,,,,,,,,,,,,,,,,,,,,,,,53,53,53,53,53,53,53,53
Billy Kenville,,,,,,,,4,50,50,50,50,50,50,50,50,50,50,50,50,50,50,50,50,50,50,50,50,50,50,50,50,50,50,50,50,50,50,50,50,50,50,50,50
Jerome Williams,,,,,,,,,,,,,,,,,,,,,,,,,,,,,,4,35,50,50,50,50,50,50,50,50,50,50,50,50,50
Blake Griffin,,,,,,,,,,,,,,,,,,,,,,,,,,,,,,,,,,,,,,,,,,49,49,49
Tony Delk,,,,,,,,,,,,,,,,,,,,,,,,,,,,,,,,,,,,,48,48,48,48,48,48,48,48
Will Bynum,,,,,,,,,,,,,,,,,,,,,,,,,,,,,,,,,,,,,,,,47,47,47,47,47
Howie Schultz,43,43,43,43,43,43,43,43,43,43,43,43,43,43,43,43,43,43,43,43,43,43,43,43,43,43,43,43,43,43,43,43,43,43,43,43,43,43,43,43,43,43,43,43
Earl Lloyd,,,,,,,,,,26,43,43,43,43,43,43,43,43,43,43,43,43,43,43,43,43,43,43,43,43,43,43,43,43,43,43,43,43,43,43,43,43,43,43
Damon Jones,,,,,,,,,,,,,,,,,,,,,,,,,,,,,,,,,43,43,43,43,43,43,43,43,43,43,43,43
Elden Campbell,,,,,,,,,,,,,,,,,,,,,,,,,,,,,,,,,,,30,42,42,42,42,42,42,42,42,42
Joe Strawder,,,,,,,,,,,,,,,42,42,42,42,42,42,42,42,42,42,42,42,42,42,42,42,42,42,42,42,42,42,42,42,42,42,42,42,42,42
Carlos Delfino,,,,,,,,,,,,,,,,,,,,,,,,,,,,,,,,,,,,,5,42,42,42,42,42,42,42
Cliff Levingston,,,,,,,,,,,,,,,,,,,,40,40,40,40,40,40,40,40,40,40,40,40,40,40,40,40,40,40,40,40,40,40,40,40,40
Ken Murray,,26,26,26,40,40,40,40,40,40,40,40,40,40,40,40,40,40,40,40,40,40,40,40,40,40,40,40,40,40,40,40,40,40,40,40,40,40,40,40,40,40,40,40
Carlos Arroyo,,,,,,,,,,,,,,,,,,,,,,,,,,,,,,,,,,,,40,40,40,40,40,40,40,40,40
Arron Afflalo,,,,,,,,,,,,,,,,,,,,,,,,,,,,,,,,,,,,,,,14,39,39,39,39,39
Zeljko Rebraca,,,,,,,,,,,,,,,,,,,,,,,,,,,,,,,,,21,38,38,38,38,38,38,38,38,38,38,38
Dike Eddleman,,,16,38,38,38,38,38,38,38,38,38,38,38,38,38,38,38,38,38,38,38,38,38,38,38,38,38,38,38,38,38,38,38,38,38,38,38,38,38,38,38,38,38
Paul Walther,,,,,,35,35,35,35,35,35,35,35,35,35,35,35,35,35,35,35,35,35,35,35,35,35,35,35,35,35,35,35,35,35,35,35,35,35,35,35,35,35,35
Jim Davis,,,,,,,,,,,,,,,,26,33,33,33,33,33,33,33,33,33,33,33,33,33,33,33,33,33,33,33,33,33,33,33,33,33,33,33,33
Bob Carpenter,32,32,32,32,32,32,32,32,32,32,32,32,32,32,32,32,32,32,32,32,32,32,32,32,32,32,32,32,32,32,32,32,32,32,32,32,32,32,32,32,32,32,32,32
Stanley Johnson,,,,,,,,,,,,,,,,,,,,,,,,,,,,,,,,,,,,,,,,,32,32,32,32
Langston Galloway,,,,,,,,,,,,,,,,,,,,,,,,,,,,,,,,,,,,,,,,,,31,31,31
Wayne Ellington,,,,,,,,,,,,,,,,,,,,,,,,,,,,,,,,,,,,,,,,,,31,31,31
Ronald Murray,,,,,,,,,,,,,,,,,,,,,,,,,,,,,,,,,,,,,,30,30,30,30,30,30,30
Clint Wager,30,30,30,30,30,30,30,30,30,30,30,30,30,30,30,30,30,30,30,30,30,30,30,30,30,30,30,30,30,30,30,30,30,30,30,30,30,30,30,30,30,30,30,30
Bob Harris,30,30,30,30,30,30,30,30,30,30,30,30,30,30,30,30,30,30,30,30,30,30,30,30,30,30,30,30,30,30,30,30,30,30,30,30,30,30,30,30,30,30,30,30
William Bedford,,,,,,,,,,,,,,,,,,,,,,,,,,4,23,29,29,29,29,29,29,29,29,29,29,29,29,29,29,29,29,29
Don Otten,,29,29,29,29,29,29,29,29,29,29,29,29,29,29,29,29,29,29,29,29,29,29,29,29,29,29,29,29,29,29,29,29,29,29,29,29,29,29,29,29,29,29,29
Mark West,,,,,,,,,,,,,,,,,,,,,,,,,,,,,28,28,28,28,28,28,28,28,28,28,28,28,28,28,28,28
M.L. Carr,,,,,,,,,,,,,,,,,,,28,28,28,28,28,28,28,28,28,28,28,28,28,28,28,28,28,28,28,28,28,28,28,28,28,28
Nat Clifton,,,,,,,,,28,28,28,28,28,28,28,28,28,28,28,28,28,28,28,28,28,28,28,28,28,28,28,28,28,28,28,28,28,28,28,28,28,28,28,28
Jim Fox,,,,,,,,,,,,,,,27,27,27,27,27,27,27,27,27,27,27,27,27,27,27,27,27,27,27,27,27,27,27,27,27,27,27,27,27,27
Dick Mehen,,26,26,26,26,26,26,26,26,26,26,26,26,26,26,26,26,26,26,26,26,26,26,26,26,26,26,26,26,26,26,26,26,26,26,26,26,26,26,26,26,26,26,26
Grant Long,,,,,,,,,,,,,,,,,,,,,,,,,,,,,,25,25,25,25,25,25,25,25,25,25,25,25,25,25,25
Ishmael Smith,,,,,,,,,,,,,,,,,,,,,,,,,,,,,,,,,,,,,,,,,,24,24,24
Theo Ratliff,,,,,,,,,,,,,,,,,,,,,,,,,,,,,0,8,8,8,8,8,8,8,8,8,24,24,24,24,24,24
Curly Armstrong,9,24,24,24,24,24,24,24,24,24,24,24,24,24,24,24,24,24,24,24,24,24,24,24,24,24,24,24,24,24,24,24,24,24,24,24,24,24,24,24,24,24,24,24
Leo Barnhorst,,,,,23,23,23,23,23,23,23,23,23,23,23,23,23,23,23,23,23,23,23,23,23,23,23,23,23,23,23,23,23,23,23,23,23,23,23,23,23,23,23,23
Jarvis Hayes,,,,,,,,,,,,,,,,,,,,,,,,,,,,,,,,,,,,,,,23,23,23,23,23,23
Don Boven,,,,23,23,23,23,23,23,23,23,23,23,23,23,23,23,23,23,23,23,23,23,23,23,23,23,23,23,23,23,23,23,23,23,23,23,23,23,23,23,23,23,23
Amir Johnson,,,,,,,,,,,,,,,,,,,,,,,,,,,,,,,,,,,,,,,21,23,23,23,23,23
Thon Maker,,,,,,,,,,,,,,,,,,,,,,,,,,,,,,,,,,,,,,,,,,22,22,22
Tony Campbell,,,,,,,,,,,,,,,,,,,,,2,11,20,20,20,20,20,20,20,20,20,20,20,20,20,20,20,20,20,20,20,20,20,20
Darvin Ham,,,,,,,,,,,,,,,,,,,,,,,,,,,,,,,,,,,16,20,20,20,20,20,20,20,20,20
Ed Conlin,,,,,,,,,,10,18,18,18,18,18,18,18,18,18,18,18,18,18,18,18,18,18,18,18,18,18,18,18,18,18,18,18,18,18,18,18,18,18,18
Willie Norwood,,,,,,,,,,,,,,,,18,18,18,18,18,18,18,18,18,18,18,18,18,18,18,18,18,18,18,18,18,18,18,18,18,18,18,18,18
Mikki Moore,,,,,,,,,,,,,,,,,,,,,,,,,,,,,,,,18,18,18,18,18,18,18,18,18,18,18,18,18
Sidney Green,,,,,,,,,,,,,,,,,,,,,,,17,17,17,17,17,17,17,17,17,17,17,17,17,17,17,17,17,17,17,17,17,17
Kevin Porter (1950),,,,,,,,,,,,,,,,,,,16,16,16,16,16,16,16,16,16,16,16,16,16,16,16,16,16,16,16,16,16,16,16,16,16,16
Aaron McKie,,,,,,,,,,,,,,,,,,,,,,,,,,,,,,15,15,15,15,15,15,15,15,15,15,15,15,15,15,15
Bill Thieben,,,,,,,,14,14,14,14,14,14,14,14,14,14,14,14,14,14,14,14,14,14,14,14,14,14,14,14,14,14,14,14,14,14,14,14,14,14,14,14,14
Paul Reed,,,,,,,,,,,,,,,,,,,,,,,,,,,,,,,,,,,,,,,,,,,14,14
Jud Buechler,,,,,,,,,,,,,,,,,,,,,,,,,,,,,,,8,14,14,14,14,14,14,14,14,14,14,14,14,14
Khyri Thomas,,,,,,,,,,,,,,,,,,,,,,,,,,,,,,,,,,,,,,,,,,14,14,14
Glenn Robinson III,,,,,,,,,,,,,,,,,,,,,,,,,,,,,,,,,,,,,,,,,,13,13,13
Bruce Brown,,,,,,,,,,,,,,,,,,,,,,,,,,,,,,,,,,,,,,,,,,13,13,13
Walter Herrmann,,,,,,,,,,,,,,,,,,,,,,,,,,,,,,,,,,,,,,,5,13,13,13,13,13
Reggie Bullock,,,,,,,,,,,,,,,,,,,,,,,,,,,,,,,,,,,,,,,,,12,12,12,12
Chuck Cooper,,,,,,,12,12,12,12,12,12,12,12,12,12,12,12,12,12,12,12,12,12,12,12,12,12,12,12,12,12,12,12,12,12,12,12,12,12,12,12,12,12
Ron Holland,,,,,,,,,,,,,,,,,,,,,,,,,,,,,,,,,,,,,,,,,,,9,11
Dick Farley,,,,,,,,,,11,11,11,11,11,11,11,11,11,11,11,11,11,11,11,11,11,11,11,11,11,11,11,11,11,11,11,11,11,11,11,11,11,11,11
Archie Dees,,,,,,,,,,,11,11,11,11,11,11,11,11,11,11,11,11,11,11,11,11,11,11,11,11,11,11,11,11,11,11,11,11,11,11,11,11,11,11
Duane Klueh,9,11,11,11,11,11,11,11,11,11,11,11,11,11,11,11,11,11,11,11,11,11,11,11,11,11,11,11,11,11,11,11,11,11,11,11,11,11,11,11,11,11,11,11
Don Reid,,,,,,,,,,,,,,,,,,,,,,,,,,,,,3,7,11,11,11,11,11,11,11,11,11,11,11,11,11,11
Dale Davis,,,,,,,,,,,,,,,,,,,,,,,,,,,,,,,,,,,,,2,10,10,10,10,10,10,10
Gerald Henderson Sr,,,,,,,,,,,,,,,,,,,,,,,,,,2,10,10,10,10,10,10,10,10,10,10,10,10,10,10,10,10,10,10
Darrell Walker,,,,,,,,,,,,,,,,,,,,,,,,,,,,10,10,10,10,10,10,10,10,10,10,10,10,10,10,10,10,10
Aron Baynes,,,,,,,,,,,,,,,,,,,,,,,,,,,,,,,,,,,,,,,,,10,10,10,10
Roger Brown,,,,,,,,,,,,,,,,,,10,10,10,10,10,10,10,10,10,10,10,10,10,10,10,10,10,10,10,10,10,10,10,10,10,10,10
Scott Hastings,,,,,,,,,,,,,,,,,,,,,,,,,,2,10,10,10,10,10,10,10,10,10,10,10,10,10,10,10,10,10,10
Leon Douglas,,,,,,,,,,,,,,,,,,,10,10,10,10,10,10,10,10,10,10,10,10,10,10,10,10,10,10,10,10,10,10,10,10,10,10
Kwame Brown,,,,,,,,,,,,,,,,,,,,,,,,,,,,,,,,,,,,,,,,9,9,9,9,9
Duncan Robinson,,,,,,,,,,,,,,,,,,,,,,,,,,,,,,,,,,,,,,,,,,,,9
Henry Dickerson,,,,,,,,,,,,,,,,,,9,9,9,9,9,9,9,9,9,9,9,9,9,9,9,9,9,9,9,9,9,9,9,9,9,9,9
Brook Steppe,,,,,,,,,,,,,,,,,,,,,8,8,8,8,8,8,8,8,8,8,8,8,8,8,8,8,8,8,8,8,8,8,8,8
Kurt Nimphius,,,,,,,,,,,,,,,,,,,,,,,8,8,8,8,8,8,8,8,8,8,8,8,8,8,8,8,8,8,8,8,8,8
Len Chappell,,,,,,,,,,,,,,,7,7,7,7,7,7,7,7,7,7,7,7,7,7,7,7,7,7,7,7,7,7,7,7,7,7,7,7,7,7
Eric Montross,,,,,,,,,,,,,,,,,,,,,,,,,,,,,,,7,7,7,7,7,7,7,7,7,7,7,7,7,7
Chuck Nevitt,,,,,,,,,,,,,,,,,,,,,,0,4,6,6,6,6,6,6,6,6,6,6,6,6,6,6,6,6,6,6,6,6,6
Bob McCann,,,,,,,,,,,,,,,,,,,,,,,,,,,,6,6,6,6,6,6,6,6,6,6,6,6,6,6,6,6,6
Paul Long,,,,,,,,,,,,,,,6,6,6,6,6,6,6,6,6,6,6,6,6,6,6,6,6,6,6,6,6,6,6,6,6,6,6,6,6,6
John Crotty,,,,,,,,,,,,,,,,,,,,,,,,,,,,,,,,6,6,6,6,6,6,6,6,6,6,6,6,6
Daniss Jenkins,,,,,,,,,,,,,,,,,,,,,,,,,,,,,,,,,,,,,,,,,,,,6
Darko Milicic,,,,,,,,,,,,,,,,,,,,,,,,,,,,,,,,,,,1,6,6,6,6,6,6,6,6,6
Brad Sellers,,,,,,,,,,,,,,,,,,,,,,,,,,,,6,6,6,6,6,6,6,6,6,6,6,6,6,6,6,6,6
Kelvin Cato,,,,,,,,,,,,,,,,,,,,,,,,,,,,,,,,,,,,,6,6,6,6,6,6,6,6
Walker Russell Sr,,,,,,,,,,,,,,,,,,,,,,,,6,6,6,6,6,6,6,6,6,6,6,6,6,6,6,6,6,6,6,6,6
Nazr Mohammed,,,,,,,,,,,,,,,,,,,,,,,,,,,,,,,,,,,,,,5,5,5,5,5,5,5
Dave Greenwood,,,,,,,,,,,,,,,,,,,,,,,,,,5,5,5,5,5,5,5,5,5,5,5,5,5,5,5,5,5,5,5
Isaiah Stewart,,,,,,,,,,,,,,,,,,,,,,,,,,,,,,,,,,,,,,,,,,,2,5
Zaza Pachulia,,,,,,,,,,,,,,,,,,,,,,,,,,,,,,,,,,,,,,,,,,5,5,5
Bill Closs,,,5,5,5,5,5,5,5,5,5,5,5,5,5,5,5,5,5,5,5,5,5,5,5,5,5,5,5,5,5,5,5,5,5,5,5,5,5,5,5,5,5,5
Loy Vaught,,,,,,,,,,,,,,,,,,,,,,,,,,,,,,,4,4,4,4,4,4,4,4,4,4,4,4,4,4
Charles O'Bannon,,,,,,,,,,,,,,,,,,,,,,,,,,,,,,,4,4,4,4,4,4,4,4,4,4,4,4,4,4
Anthony Tolliver,,,,,,,,,,,,,,,,,,,,,,,,,,,,,,,,,,,,,,,,,4,4,4,4
Steve Blake,,,,,,,,,,,,,,,,,,,,,,,,,,,,,,,,,,,,,,,,,4,4,4,4
Tree Rollins,,,,,,,,,,,,,,,,,,,,,,,,,,,4,4,4,4,4,4,4,4,4,4,4,4,4,4,4,4,4,4
Ralph Lewis,,,,,,,,,,,,,,,,,,,,,,,,4,4,4,4,4,4,4,4,4,4,4,4,4,4,4,4,4,4,4,4,4
Red Rocha,,,,,,,,4,4,4,4,4,4,4,4,4,4,4,4,4,4,4,4,4,4,4,4,4,4,4,4,4,4,4,4,4,4,4,4,4,4,4,4,4
Sonny Dove,,,,,,,,,,,,,,,4,4,4,4,4,4,4,4,4,4,4,4,4,4,4,4,4,4,4,4,4,4,4,4,4,4,4,4,4,4
Ronald Dupree,,,,,,,,,,,,,,,,,,,,,,,,,,,,,,,,,,,,4,4,4,4,4,4,4,4,4
Caris LeVert,,,,,,,,,,,,,,,,,,,,,,,,,,,,,,,,,,,,,,,,,,,,3
Phil Sellers,,,,,,,,,,,,,,,,,,,3,3,3,3,3,3,3,3,3,3,3,3,3,3,3,3,3,3,3,3,3,3,3,3,3,3
Kevin Loughery,,,,,,,,,,,,,,3,3,3,3,3,3,3,3,3,3,3,3,3,3,3,3,3,3,3,3,3,3,3,3,3,3,3,3,3,3,3
Kevin Huerter,,,,,,,,,,,,,,,,,,,,,,,,,,,,,,,,,,,,,,,,,,,,3
Javonte Green,,,,,,,,,,,,,,,,,,,,,,,,,,,,,,,,,,,,,,,,,,,,3
Bill Ligon,,,,,,,,,,,,,,,,,2,2,2,2,2,2,2,2,2,2,2,2,2,2,2,2,2,2,2,2,2,2,2,2,2,2,2,2
Fennis Dembo,,,,,,,,,,,,,,,,,,,,,,,,,2,2,2,2,2,2,2,2,2,2,2,2,2,2,2,2,2,2,2,2
Jodie Meeks,,,,,,,,,,,,,,,,,,,,,,,,,,,,,,,,,,,,,,,,,2,2,2,2
Spencer Dinwiddie,,,,,,,,,,,,,,,,,,,,,,,,,,,,,,,,,,,,,,,,,2,2,2,2
Micheal Williams,,,,,,,,,,,,,,,,,,,,,,,,,2,2,2,2,2,2,2,2,2,2,2,2,2,2,2,2,2,2,2,2
Major Jones,,,,,,,,,,,,,,,,,,,,,2,2,2,2,2,2,2,2,2,2,2,2,2,2,2,2,2,2,2,2,2,2,2,2
Danny Manning,,,,,,,,,,,,,,,,,,,,,,,,,,,,,,,,,,2,2,2,2,2,2,2,2,2,2,2
Dana Barros,,,,,,,,,,,,,,,,,,,,,,,,,,,,,,,,,2,2,2,2,2,2,2,2,2,2,2,2
Jack Kiley,,,2,2,2,2,2,2,2,2,2,2,2,2,2,2,2,2,2,2,2,2,2,2,2,2,2,2,2,2,2,2,2,2,2,2,2,2,2,2,2,2,2,2
Jake Fendley,,,2,2,2,2,2,2,2,2,2,2,2,2,2,2,2,2,2,2,2,2,2,2,2,2,2,2,2,2,2,2,2,2,2,2,2,2,2,2,2,2,2,2
Lance Blanks,,,,,,,,,,,,,,,,,,,,,,,,,,,,2,2,2,2,2,2,2,2,2,2,2,2,2,2,2,2,2
Jon Leuer,,,,,,,,,,,,,,,,,,,,,,,,,,,,,,,,,,,,,,,,,,2,2,2
Leo Klier,1,1,1,1,1,1,1,1,1,1,1,1,1,1,1,1,1,1,1,1,1,1,1,1,1,1,1,1,1,1,1,1,1,1,1,1,1,1,1,1,1,1,1,1
Ben Kelso,,,,,,,,,,,,,,,,0,0,0,0,0,0,0,0,0,0,0,0,0,0,0,0,0,0,0,0,0,0,0,0,0,0,0,0,0
George Patterson,,,,,,,,,,,,,,,0,0,0,0,0,0,0,0,0,0,0,0,0,0,0,0,0,0,0,0,0,0,0,0,0,0,0,0,0,0
Eric Leckner,,,,,,,,,,,,,,,,,,,,,,,,,,,,,0,0,0,0,0,0,0,0,0,0,0,0,0,0,0,0
Darrall Imhoff,,,,,,,,,,,,,,0,0,0,0,0,0,0,0,0,0,0,0,0,0,0,0,0,0,0,0,0,0,0,0,0,0,0,0,0,0,0
Jose Calderon,,,,,,,,,,,,,,,,,,,,,,,,,,,,,,,,,,,,,,,,,,0,0,0
Lou Roe,,,,,,,,,,,,,,,,,,,,,,,,,,,,,0,0,0,0,0,0,0,0,0,0,0,0,0,0,0,0
Lionel Hollins,,,,,,,,,,,,,,,,,,,,0,0,0,0,0,0,0,0,0,0,0,0,0,0,0,0,0,0,0,0,0,0,0,0,0
Juan Dixon,,,,,,,,,,,,,,,,,,,,,,,,,,,,,,,,,,,,,,,0,0,0,0,0,0
Ralph Simpson,,,,,,,,,,,,,,,,,,,0,0,0,0,0,0,0,0,0,0,0,0,0,0,0,0,0,0,0,0,0,0,0,0,0,0
Rodney White,,,,,,,,,,,,,,,,,,,,,,,,,,,,,,,,,0,0,0,0,0,0,0,0,0,0,0,0
Ray Tolbert,,,,,,,,,,,,,,,,,,,,0,0,0,0,0,0,0,0,0,0,0,0,0,0,0,0,0,0,0,0,0,0,0,0,0
Terry Thomas,,,,,,,,,,,,,,,,,,0,0,0,0,0,0,0,0,0,0,0,0,0,0,0,0,0,0,0,0,0,0,0,0,0,0,0
Victor Alexander,,,,,,,,,,,,,,,,,,,,,,,,,,,,,,,,,0,0,0,0,0,0,0,0,0,0,0,0